﻿pos_x,pos_y,rotation,side,designator,mpn,pack,footprint,value,mount_type,place
116.05,-38.42,-90.0,top,,,,fablab,LOGO,tht,False
114.05,-71.3,-90.0,top,,,,muzzo,LOGO,tht,False
78.09,-29.52,-90.0,top,J1,,,PinHeader_1x20_P2.54mm_Vertical,Conn_01x20,tht,True
29.83,-47.3,90.0,top,J2,,,PinHeader_1x20_P2.54mm_Vertical,Conn_01x20,tht,True
107.825,-53.8,0.0,top,J3,,,PinSocket_1x02_P2.54mm_Vertical,Conn_01x02,tht,True
80.55,-52.05,-90.0,top,Q2,,,TO-92_Inline,PMOS,tht,True
87.99,-53.3,0.0,top,R1,,,R_Axial_DIN0207_L6.3mm_D2.5mm_P7.62mm_Horizontal,2K,tht,True
112.75,-53.0,0.0,top,SW1,,,SW_PUSH_6mm,SW_Push,tht,True
51.065,-70.2,90.0,top,U1,,,RPi_Pico_SMD_TH,Pico,tht,True
95.99,-36.817,90.0,top,U2,,None,MODULE_DFR0299,DFR0299,tht,True
102.652,-58.43,-90.0,top,U3,,,RTC DS1307,RTC DS1307,tht,True
