﻿Designator,Quantity,Value,Footprint,Package,MPN,DNP,Mount_Type,Description,AVAILABILITY,Availability,Check_prices,DESCRIPTION,MF,MP,PRICE,Price,Purchase-URL,SnapEDA_Link
,1,LOGO,fablab,,,,tht,,,,,,,,,,,
,1,LOGO,muzzo,,,,tht,,,,,,,,,,,
"J1, J2",2,Conn_01x20,PinHeader_1x20_P2.54mm_Vertical,,,,tht,,,,,,,,,,,
J3,1,Conn_01x02,PinSocket_1x02_P2.54mm_Vertical,,,,tht,,,,,,,,,,,
Q2,1,PMOS,TO-92_Inline,,,,tht,,,,,,,,,,,
R1,1,2K,R_Axial_DIN0207_L6.3mm_D2.5mm_P7.62mm_Horizontal,,,,tht,,,,,,,,,,,
SW1,1,SW_Push,SW_PUSH_6mm,,,,tht,,,,,,,,,,,
U1,1,Pico,RPi_Pico_SMD_TH,,,,tht,,,,,,,,,,,
U2,1,DFR0299,MODULE_DFR0299,None,,,tht,"
- MP3 Player Audio Arduino Platform Evaluation Expansion Board
",Unavailable,In Stock,https://www.snapeda.com/parts/DFR0299/DFRobot/view-part/?ref=eda,Dfplayer - a Mini Mp3 Player,DFRobot,DFR0299,None,None,https://www.snapeda.com/api/url_track_click_mouser/?unipart_id=588059&manufacturer=DFRobot&part_name=DFR0299&search_term=dfr0299,https://www.snapeda.com/parts/DFR0299/DFRobot/view-part/?ref=snap
U3,1,RTC DS1307,RTC DS1307,,,,tht,,,,,,,,,,,
